"idPlayer","namePlayer","slugTeam","dateGame","pts","ast","treb","streak_pts5","streak_pts10","hot5","cold5","hot10","cold10","status"
1628378,"Donovan Mitchell","CLE",2025-05-13,35,1,9,34.2,28.5,TRUE,FALSE,TRUE,FALSE,"On Fire (last 5)"
203507,"Giannis Antetokounmpo","MIL",2025-04-29,30,13,20,33,31.9,FALSE,FALSE,FALSE,FALSE,"— Steady"
1630166,"Deni Avdija","POR",2025-04-04,37,5,11,30.4,26.8,TRUE,FALSE,TRUE,FALSE,"On Fire (last 5)"
1629029,"Luka Dončić","LAL",2025-04-30,28,9,7,30.2,32.3,FALSE,FALSE,FALSE,FALSE,"— Steady"
203897,"Zach LaVine","SAC",2025-04-13,16,2,0,29.8,25.1,TRUE,FALSE,FALSE,FALSE,"On Fire (last 5)"
1631094,"Paolo Banchero","ORL",2025-04-29,19,6,9,29.4,27.8,FALSE,FALSE,FALSE,FALSE,"— Steady"
1631101,"Shaedon Sharpe","POR",2025-04-09,37,5,7,28.8,25.3,TRUE,FALSE,TRUE,FALSE,"On Fire (last 5)"
201142,"Kevin Durant","PHX",2025-03-30,11,1,7,28.8,24.6,FALSE,FALSE,FALSE,FALSE,"— Steady"
1628973,"Jalen Brunson","NYK",2025-05-31,19,7,2,28.2,29.5,FALSE,FALSE,FALSE,FALSE,"— Steady"
1628983,"Shai Gilgeous-Alexander","OKC",2025-06-22,29,12,5,28,30,FALSE,FALSE,FALSE,FALSE,"— Steady"
203999,"Nikola Jokić","DEN",2025-05-18,20,7,9,28,25.3,FALSE,FALSE,FALSE,FALSE,"— Steady"
1626164,"Devin Booker","PHX",2025-04-11,18,5,3,27.2,24.6,FALSE,FALSE,FALSE,FALSE,"— Steady"
1628369,"Jayson Tatum","BOS",2025-05-12,42,4,8,27,27.3,FALSE,FALSE,FALSE,FALSE,"— Steady"
1630595,"Cade Cunningham","DET",2025-05-01,23,8,7,25.8,28.2,FALSE,FALSE,FALSE,FALSE,"— Steady"
1630532,"Franz Wagner","ORL",2025-04-29,25,4,4,25.8,24.6,FALSE,FALSE,FALSE,FALSE,"— Steady"
1631114,"Jalen Williams","OKC",2025-06-22,20,4,4,25.8,23.1,FALSE,FALSE,FALSE,FALSE,"— Steady"
1629027,"Trae Young","ATL",2025-04-11,36,11,3,25.4,24.8,FALSE,FALSE,FALSE,FALSE,"— Steady"
2544,"LeBron James","LAL",2025-04-30,22,6,7,25.4,24.2,FALSE,FALSE,FALSE,FALSE,"— Steady"
1628381,"John Collins","UTA",2025-03-12,22,0,7,24.4,21.7,TRUE,FALSE,FALSE,FALSE,"On Fire (last 5)"
1629627,"Zion Williamson","NOP",2025-03-19,29,8,5,24.2,24.7,FALSE,FALSE,FALSE,FALSE,"— Steady"
202681,"Kyrie Irving","DAL",2025-03-03,7,1,1,23,25.4,FALSE,FALSE,FALSE,FALSE,"— Steady"
1630162,"Anthony Edwards","MIN",2025-05-28,19,2,6,23,24.6,FALSE,FALSE,FALSE,FALSE,"— Steady"
202695,"Kawhi Leonard","LAC",2025-05-03,22,2,5,22.8,25.8,FALSE,FALSE,TRUE,FALSE,"On Fire (last 10)"
1630560,"Cam Thomas","BKN",2025-03-13,24,10,6,22.8,23.6,FALSE,FALSE,FALSE,FALSE,"— Steady"
1626157,"Karl-Anthony Towns","NYK",2025-05-31,22,2,14,22.8,23.3,FALSE,FALSE,FALSE,FALSE,"— Steady"
1629022,"Lonnie Walker IV","PHI",2025-04-13,31,2,6,22.8,16.5,TRUE,FALSE,TRUE,FALSE,"On Fire (last 5)"
1627832,"Fred VanVleet","HOU",2025-05-04,17,3,7,22.8,16.2,TRUE,FALSE,FALSE,FALSE,"On Fire (last 5)"
1629630,"Ja Morant","MEM",2025-04-24,15,5,1,22.4,25.4,FALSE,FALSE,FALSE,FALSE,"— Steady"
201942,"DeMar DeRozan","SAC",2025-04-13,8,5,0,22.2,23.5,FALSE,FALSE,FALSE,FALSE,"— Steady"
1630163,"LaMelo Ball","CHA",2025-03-25,25,9,1,22.2,21.7,FALSE,FALSE,FALSE,FALSE,"— Steady"
1627750,"Jamal Murray","DEN",2025-05-18,13,2,1,22,22.5,FALSE,FALSE,FALSE,FALSE,"— Steady"
203076,"Anthony Davis","DAL",2025-04-11,23,10,13,21.8,18.4,FALSE,FALSE,FALSE,TRUE,"Cold (last 10)"
1629012,"Collin Sexton","UTA",2025-04-09,15,5,0,21.4,20.1,FALSE,FALSE,FALSE,FALSE,"— Steady"
203954,"Joel Embiid","PHI",2025-02-22,14,5,7,21.2,26,FALSE,FALSE,FALSE,FALSE,"— Steady"
1641705,"Victor Wembanyama","SAS",2025-02-12,17,4,13,21.2,23.6,FALSE,FALSE,FALSE,FALSE,"— Steady"
1629656,"Quentin Grimes","PHI",2025-04-13,8,4,7,21.2,22,TRUE,FALSE,TRUE,FALSE,"On Fire (last 5)"
1627759,"Jaylen Brown","BOS",2025-05-16,20,6,6,21,22.7,FALSE,FALSE,FALSE,FALSE,"— Steady"
1629632,"Coby White","CHI",2025-04-13,2,4,4,20.8,22.7,FALSE,FALSE,FALSE,FALSE,"— Steady"
1629673,"Jordan Poole","WAS",2025-04-08,19,3,1,20.8,20.6,FALSE,FALSE,FALSE,FALSE,"— Steady"
1627749,"Dejounte Murray","NOP",2025-01-31,4,0,5,20.8,20,FALSE,FALSE,FALSE,FALSE,"— Steady"
1630228,"Jonathan Kuminga","GSW",2025-05-14,26,0,3,20.8,14.4,TRUE,FALSE,FALSE,FALSE,"On Fire (last 5)"
1630578,"Alperen Sengun","HOU",2025-05-04,21,5,14,20.6,21,FALSE,FALSE,FALSE,FALSE,"— Steady"
1628401,"Derrick White","BOS",2025-05-16,8,2,1,20.4,17.7,TRUE,FALSE,FALSE,FALSE,"On Fire (last 5)"
203468,"CJ McCollum","NOP",2025-03-23,40,7,5,20.4,17.4,FALSE,FALSE,FALSE,TRUE,"Cold (last 10)"
1627783,"Pascal Siakam","IND",2025-06-22,16,2,4,20.2,21.1,FALSE,FALSE,FALSE,FALSE,"— Steady"
1627742,"Brandon Ingram","NOP",2024-12-07,5,3,1,20.2,20.3,FALSE,FALSE,FALSE,FALSE,"— Steady"
202710,"Jimmy Butler III","GSW",2025-05-14,17,6,6,20.2,18.6,FALSE,FALSE,FALSE,FALSE,"— Steady"
1628368,"De'Aaron Fox","SAS",2025-03-12,32,11,9,19.8,17.4,FALSE,FALSE,FALSE,TRUE,"Cold (last 10)"
1627734,"Domantas Sabonis","SAC",2025-04-13,20,6,12,19.6,20.1,FALSE,FALSE,FALSE,FALSE,"— Steady"
1630581,"Josh Giddey","CHI",2025-04-09,28,11,16,19.6,19.4,TRUE,FALSE,TRUE,FALSE,"On Fire (last 5)"
1642264,"Stephon Castle","SAS",2025-04-13,20,6,8,19.6,18.2,TRUE,FALSE,TRUE,FALSE,"On Fire (last 5)"
1630551,"Justin Champagnie","WAS",2025-04-13,27,2,4,19.6,14.3,TRUE,FALSE,TRUE,FALSE,"On Fire (last 5)"
1631093,"Jaden Ivey","DET",2025-01-01,22,4,1,19.2,15.6,FALSE,FALSE,FALSE,FALSE,"— Steady"
1641810,"Antonio Reeves","NOP",2025-04-13,20,0,6,19,15.4,TRUE,FALSE,TRUE,FALSE,"On Fire (last 5)"
201939,"Stephen Curry","GSW",2025-05-06,13,1,1,18.8,23.1,FALSE,TRUE,FALSE,FALSE,"Cold (last 5)"
1641706,"Brandon Miller","CHA",2025-01-15,20,3,5,18.8,20.4,FALSE,FALSE,FALSE,FALSE,"— Steady"
1641718,"Keyonte George","UTA",2025-04-13,14,7,5,18.8,16.9,FALSE,FALSE,FALSE,FALSE,"— Steady"
1629018,"Gary Trent Jr.","MIL",2025-04-29,33,2,5,18.8,15.8,TRUE,FALSE,TRUE,FALSE,"On Fire (last 5)"
1629639,"Tyler Herro","MIA",2025-04-28,4,1,1,18.6,23,FALSE,TRUE,FALSE,FALSE,"Cold (last 5)"
1628389,"Bam Adebayo","MIA",2025-04-28,13,4,12,18.6,21.7,FALSE,FALSE,TRUE,FALSE,"On Fire (last 10)"
1641729,"Brice Sensabaugh","UTA",2025-04-13,22,3,7,18.6,16,TRUE,FALSE,TRUE,FALSE,"On Fire (last 5)"
1641774,"Tristan Vukcevic","WAS",2025-04-13,28,5,11,18.6,14.7,TRUE,FALSE,TRUE,FALSE,"On Fire (last 5)"
1630567,"Scottie Barnes","TOR",2025-04-13,35,8,11,18.4,16.9,FALSE,FALSE,FALSE,FALSE,"— Steady"
1641708,"Amen Thompson","HOU",2025-05-04,24,3,9,18.2,15.5,TRUE,FALSE,FALSE,FALSE,"On Fire (last 5)"
1626162,"Kelly Oubre Jr.","PHI",2025-03-12,13,0,5,18,19.6,FALSE,FALSE,TRUE,FALSE,"On Fire (last 10)"
1629636,"Darius Garland","CLE",2025-05-13,11,3,4,18,18.9,FALSE,FALSE,FALSE,FALSE,"— Steady"
202696,"Nikola Vučević","CHI",2025-04-13,8,0,8,18,17.5,FALSE,FALSE,FALSE,FALSE,"— Steady"
1630596,"Evan Mobley","CLE",2025-05-13,24,1,11,17.8,17.4,FALSE,FALSE,FALSE,FALSE,"— Steady"
1628384,"OG Anunoby","NYK",2025-05-31,24,3,5,17.8,15.6,FALSE,FALSE,FALSE,FALSE,"— Steady"
1629628,"RJ Barrett","TOR",2025-04-09,11,1,1,17.6,18.1,FALSE,FALSE,FALSE,FALSE,"— Steady"
1628970,"Miles Bridges","CHA",2025-04-08,14,3,6,17.6,16.7,FALSE,FALSE,FALSE,TRUE,"Cold (last 10)"
1630631,"Jose Alvarado","NOP",2025-04-13,14,4,3,17.6,13.8,TRUE,FALSE,TRUE,FALSE,"On Fire (last 5)"
203944,"Julius Randle","MIN",2025-05-28,24,3,5,17.4,21.3,FALSE,FALSE,FALSE,FALSE,"— Steady"
1626181,"Norman Powell","LAC",2025-05-03,9,2,2,17.4,16.4,FALSE,FALSE,FALSE,TRUE,"Cold (last 10)"
1630217,"Desmond Bane","MEM",2025-04-26,23,5,5,17,20.6,FALSE,FALSE,FALSE,FALSE,"— Steady"
1627826,"Ivica Zubac","LAC",2025-05-03,10,2,14,17,18.1,FALSE,FALSE,FALSE,FALSE,"— Steady"
1628374,"Lauri Markkanen","UTA",2025-03-17,16,1,2,17,17.9,FALSE,FALSE,FALSE,FALSE,"— Steady"
1630530,"Trey Murphy III","NOP",2025-03-17,0,0,0,17,17.3,FALSE,FALSE,FALSE,TRUE,"Cold (last 10)"
1627751,"Jakob Poeltl","TOR",2025-04-04,10,2,11,17,16.7,FALSE,FALSE,TRUE,FALSE,"On Fire (last 10)"
1630178,"Tyrese Maxey","PHI",2025-03-03,5,6,0,16.8,20.2,FALSE,TRUE,FALSE,TRUE,"Cold (last 5)"
1630590,"Scotty Pippen Jr.","MEM",2025-04-26,30,4,11,16.8,15.2,TRUE,FALSE,TRUE,FALSE,"On Fire (last 5)"
202331,"Paul George","PHI",2025-03-04,7,6,7,16.6,14.2,FALSE,FALSE,FALSE,FALSE,"— Steady"
1627747,"Caris LeVert","ATL",2025-04-11,31,4,4,16.6,13.8,TRUE,FALSE,FALSE,FALSE,"On Fire (last 5)"
1628991,"Jaren Jackson Jr.","MEM",2025-04-26,12,2,4,16.4,18.1,FALSE,TRUE,FALSE,TRUE,"Cold (last 5)"
1630200,"Tre Jones","CHI",2025-03-20,15,7,4,16.4,14.5,TRUE,FALSE,TRUE,FALSE,"On Fire (last 5)"
1631288,"Jamal Cain","NOP",2025-04-13,18,1,4,16.4,10.7,TRUE,FALSE,TRUE,FALSE,"On Fire (last 5)"
201935,"James Harden","LAC",2025-05-03,7,13,5,16.2,22.8,FALSE,TRUE,FALSE,FALSE,"Cold (last 5)"
1630559,"Austin Reaves","LAL",2025-04-30,12,2,5,16.2,18.9,FALSE,FALSE,FALSE,FALSE,"— Steady"
203084,"Harrison Barnes","SAS",2025-04-13,18,1,5,16.2,16.7,TRUE,FALSE,TRUE,FALSE,"On Fire (last 5)"
1630168,"Onyeka Okongwu","ATL",2025-04-11,4,1,8,16.2,15.5,TRUE,FALSE,TRUE,FALSE,"On Fire (last 5)"
1630215,"Jared Butler","PHI",2025-04-13,19,5,1,16.2,14.8,TRUE,FALSE,TRUE,FALSE,"On Fire (last 5)"
1642258,"Zaccharie Risacher","ATL",2025-04-13,6,0,2,16,15.1,TRUE,FALSE,TRUE,FALSE,"On Fire (last 5)"
203994,"Jusuf Nurkić","CHA",2025-04-13,14,2,9,16,12.1,TRUE,FALSE,TRUE,FALSE,"On Fire (last 5)"
1629014,"Anfernee Simons","POR",2025-03-30,15,4,3,15.8,20.3,FALSE,FALSE,FALSE,FALSE,"— Steady"
1630193,"Immanuel Quickley","TOR",2025-04-09,8,1,2,15.8,18.4,FALSE,FALSE,FALSE,FALSE,"— Steady"
1628969,"Mikal Bridges","NYK",2025-05-31,15,4,1,15.8,16.1,FALSE,FALSE,FALSE,FALSE,"— Steady"
1642271,"Kyle Filipowski","UTA",2025-04-13,15,3,3,15.6,14.5,TRUE,FALSE,TRUE,FALSE,"On Fire (last 5)"
1630625,"Dalano Banton","POR",2025-04-13,23,7,5,15.6,11.9,TRUE,FALSE,TRUE,FALSE,"On Fire (last 5)"
1630570,"Trendon Watford","BKN",2025-04-13,20,4,7,15.6,11.7,TRUE,FALSE,FALSE,FALSE,"On Fire (last 5)"
1629661,"Cameron Johnson","BKN",2025-03-29,18,7,9,15.4,17.9,FALSE,FALSE,FALSE,FALSE,"— Steady"
1630534,"Ochai Agbaji","TOR",2025-04-13,14,1,2,15.4,12.8,TRUE,FALSE,TRUE,FALSE,"On Fire (last 5)"
1630548,"Johnny Juzang","UTA",2025-04-13,15,1,2,15.4,12.8,TRUE,FALSE,TRUE,FALSE,"On Fire (last 5)"
1631232,"Keion Brooks Jr.","NOP",2025-04-13,15,2,6,15.2,12.9,TRUE,FALSE,TRUE,FALSE,"On Fire (last 5)"
1627824,"Guerschon Yabusele","PHI",2025-04-05,19,4,4,15,13.9,TRUE,FALSE,TRUE,FALSE,"On Fire (last 5)"
1631128,"Christian Braun","DEN",2025-05-18,19,3,4,15,13.5,FALSE,FALSE,FALSE,FALSE,"— Steady"
1630170,"Devin Vassell","SAS",2025-04-09,11,3,5,14.8,17.3,FALSE,FALSE,FALSE,FALSE,"— Steady"
1629060,"Rui Hachimura","LAL",2025-04-30,23,0,4,14.8,14.7,FALSE,FALSE,FALSE,FALSE,"— Steady"
1627741,"Buddy Hield","GSW",2025-05-14,8,1,4,14.8,14.3,TRUE,FALSE,TRUE,FALSE,"On Fire (last 5)"
1642268,"Isaiah Collier","UTA",2025-04-06,17,12,3,14.8,13.9,TRUE,FALSE,TRUE,FALSE,"On Fire (last 5)"
1631109,"Mark Williams","CHA",2025-04-11,10,2,12,14.8,13.7,FALSE,FALSE,FALSE,FALSE,"— Steady"
1630591,"Jalen Suggs","ORL",2025-01-25,8,3,2,14.6,16.8,FALSE,FALSE,FALSE,FALSE,"— Steady"
1641824,"Matas Buzelis","CHI",2025-04-13,7,1,3,14.6,14.8,TRUE,FALSE,TRUE,FALSE,"On Fire (last 5)"
1642266,"Ja'Kobe Walter","TOR",2025-04-06,8,2,5,14.6,13.6,TRUE,FALSE,TRUE,FALSE,"On Fire (last 5)"
1630592,"Jalen Wilson","BKN",2025-04-13,18,4,4,14.6,13.2,TRUE,FALSE,TRUE,FALSE,"On Fire (last 5)"
1630288,"Jeff Dowtin Jr.","PHI",2025-04-11,2,3,0,14.4,15.8,TRUE,FALSE,TRUE,FALSE,"On Fire (last 5)"
1642267,"Bub Carrington","WAS",2025-04-13,15,9,7,14.4,15.4,TRUE,FALSE,TRUE,FALSE,"On Fire (last 5)"
1630230,"Naji Marshall","DAL",2025-04-13,11,2,3,14.4,14.4,FALSE,FALSE,FALSE,FALSE,"— Steady"
203924,"Jerami Grant","POR",2025-03-09,25,1,2,14.4,13.5,FALSE,FALSE,FALSE,FALSE,"— Steady"
1631197,"Jared Rhoden","TOR",2025-04-09,23,4,7,14.4,11.4,TRUE,FALSE,TRUE,FALSE,"On Fire (last 5)"
1630202,"Payton Pritchard","BOS",2025-05-16,11,4,2,14.4,11.2,FALSE,FALSE,FALSE,TRUE,"Cold (last 10)"
1641737,"Adem Bona","PHI",2025-04-13,16,0,9,14.2,14.4,TRUE,FALSE,TRUE,FALSE,"On Fire (last 5)"
203078,"Bradley Beal","PHX",2025-04-11,21,6,4,14,14.4,FALSE,FALSE,FALSE,TRUE,"Cold (last 10)"
1626171,"Bobby Portis","MIL",2025-04-29,14,2,10,14,13.4,FALSE,FALSE,FALSE,FALSE,"— Steady"
203903,"Jordan Clarkson","UTA",2025-03-23,10,2,3,13.8,15.1,FALSE,FALSE,FALSE,FALSE,"— Steady"
202699,"Tobias Harris","DET",2025-05-01,14,0,5,13.8,14.2,FALSE,FALSE,FALSE,FALSE,"— Steady"
1628989,"Kevin Huerter","CHI",2025-04-13,18,2,2,13.8,13.7,TRUE,FALSE,TRUE,FALSE,"On Fire (last 5)"
1641739,"Toumani Camara","POR",2025-04-13,14,4,6,13.6,14,TRUE,FALSE,TRUE,FALSE,"On Fire (last 5)"
1631097,"Bennedict Mathurin","IND",2025-06-22,24,3,13,13.6,13.4,FALSE,FALSE,FALSE,FALSE,"— Steady"
1631255,"Karlo Matković","NOP",2025-04-10,15,0,10,13.6,12.3,TRUE,FALSE,TRUE,FALSE,"On Fire (last 5)"
1629028,"Deandre Ayton","POR",2025-02-10,10,0,0,13.4,17.1,FALSE,FALSE,TRUE,FALSE,"On Fire (last 10)"
1630169,"Tyrese Haliburton","IND",2025-06-22,9,0,0,13.4,15.9,FALSE,TRUE,FALSE,FALSE,"Cold (last 5)"
203471,"Dennis Schröder","DET",2025-05-01,9,9,4,13.4,11,FALSE,FALSE,FALSE,TRUE,"Cold (last 10)"
1642419,"Jamison Battle","TOR",2025-04-13,25,3,9,13.4,10.7,TRUE,FALSE,TRUE,FALSE,"On Fire (last 5)"
1642346,"Ryan Dunn","PHX",2025-04-13,12,3,10,13.4,9.4,TRUE,FALSE,TRUE,FALSE,"On Fire (last 5)"
1631311,"Lester Quinones","NOP",2025-04-13,17,6,5,13.4,7.7,TRUE,FALSE,TRUE,FALSE,"On Fire (last 5)"
1630183,"Jaden McDaniels","MIN",2025-05-28,5,1,5,13.2,13.3,FALSE,FALSE,FALSE,FALSE,"— Steady"
1628960,"Grayson Allen","PHX",2025-04-13,20,5,2,13.2,10.9,TRUE,FALSE,FALSE,FALSE,"On Fire (last 5)"
1630314,"Brandon Williams","DAL",2025-04-13,0,0,4,13,14.2,TRUE,FALSE,TRUE,FALSE,"On Fire (last 5)"
1629640,"Keldon Johnson","SAS",2025-04-13,23,0,9,13,14.1,FALSE,FALSE,FALSE,FALSE,"— Steady"
1631096,"Chet Holmgren","OKC",2025-06-22,18,0,8,13,13.9,FALSE,FALSE,FALSE,FALSE,"— Steady"
1630553,"Keon Johnson","BKN",2025-04-13,14,4,9,13,13.3,TRUE,FALSE,TRUE,FALSE,"On Fire (last 5)"
1642259,"Alex Sarr","WAS",2025-04-13,10,4,8,13,13.2,FALSE,FALSE,FALSE,FALSE,"— Steady"
1629021,"Moritz Wagner","ORL",2024-12-21,0,0,0,13,12.2,FALSE,FALSE,FALSE,FALSE,"— Steady"
1641722,"Jordan Hawkins","NOP",2025-03-28,8,1,5,13,10.5,TRUE,FALSE,FALSE,FALSE,"On Fire (last 5)"
1631103,"Malaki Branham","SAS",2025-04-13,11,0,3,13,9.4,TRUE,FALSE,TRUE,FALSE,"On Fire (last 5)"
1630552,"Jalen Johnson","ATL",2025-01-23,3,1,1,12.8,16.7,FALSE,TRUE,FALSE,FALSE,"Cold (last 5)"
1642272,"Jared McCain","PHI",2024-12-13,5,3,1,12.8,15.4,FALSE,FALSE,FALSE,FALSE,"— Steady"
1630700,"Dyson Daniels","ATL",2025-04-11,8,8,10,12.8,15.3,FALSE,FALSE,FALSE,FALSE,"— Steady"
1627736,"Malik Beasley","DET",2025-05-01,20,2,2,12.8,15.2,FALSE,TRUE,FALSE,FALSE,"Cold (last 5)"
1630558,"Davion Mitchell","MIA",2025-04-28,8,5,0,12.8,13.5,TRUE,FALSE,TRUE,FALSE,"On Fire (last 5)"
1630577,"Julian Champagnie","SAS",2025-04-13,14,1,6,12.8,12.3,TRUE,FALSE,TRUE,FALSE,"On Fire (last 5)"
1628386,"Jarrett Allen","CLE",2025-05-13,9,0,4,12.8,12.1,FALSE,FALSE,FALSE,FALSE,"— Steady"
1631105,"Jalen Duren","DET",2025-05-01,21,3,6,12.8,11,FALSE,FALSE,FALSE,FALSE,"— Steady"
204456,"T.J. McConnell","IND",2025-06-22,16,3,6,12.8,10,TRUE,FALSE,FALSE,FALSE,"On Fire (last 5)"
1631166,"Drew Timme","BKN",2025-04-13,11,2,8,12.8,NA,FALSE,FALSE,NA,NA,"— Steady"
203932,"Aaron Gordon","DEN",2025-05-18,8,0,11,12.6,15.9,FALSE,FALSE,FALSE,FALSE,"— Steady"
1629023,"P.J. Washington","DAL",2025-04-11,14,4,8,12.4,17.9,FALSE,FALSE,TRUE,FALSE,"On Fire (last 10)"
1630639,"A.J. Lawson","TOR",2025-04-13,14,0,0,12.4,9.2,TRUE,FALSE,FALSE,FALSE,"On Fire (last 5)"
1629622,"Max Strus","CLE",2025-05-13,0,2,7,12.2,12.4,TRUE,FALSE,TRUE,FALSE,"On Fire (last 5)"
203552,"Seth Curry","CHA",2025-04-11,17,0,2,12.2,9.5,TRUE,FALSE,TRUE,FALSE,"On Fire (last 5)"
1631133,"Jabari Walker","POR",2025-04-13,10,1,2,12.2,7.8,TRUE,FALSE,TRUE,FALSE,"On Fire (last 5)"
1629004,"Svi Mykhailiuk","UTA",2025-04-13,14,4,4,12.2,7.3,TRUE,FALSE,FALSE,TRUE,"On Fire (last 5)"
1641712,"Rayan Rupert","POR",2025-04-13,13,1,10,12.2,6.6,TRUE,FALSE,TRUE,FALSE,"On Fire (last 5)"
1630583,"Santi Aldama","MEM",2025-04-26,23,3,9,12,11.2,FALSE,FALSE,FALSE,FALSE,"— Steady"
202692,"Alec Burks","MIA",2025-04-20,6,2,2,12,10.6,TRUE,FALSE,TRUE,FALSE,"On Fire (last 5)"
1631108,"Max Christie","DAL",2025-04-13,14,2,5,12,10.1,TRUE,FALSE,FALSE,FALSE,"On Fire (last 5)"
1630172,"Patrick Williams","CHI",2025-04-13,15,4,6,12,9.6,TRUE,FALSE,FALSE,FALSE,"On Fire (last 5)"
1629638,"Nickeil Alexander-Walker","MIN",2025-05-28,0,3,2,12,9.5,TRUE,FALSE,FALSE,FALSE,"On Fire (last 5)"
1631213,"Tyrese Martin","BKN",2025-04-13,20,1,7,12,9.4,TRUE,FALSE,FALSE,FALSE,"On Fire (last 5)"
1628415,"Dillon Brooks","HOU",2025-05-04,8,1,2,11.8,13.9,FALSE,FALSE,FALSE,FALSE,"— Steady"
1641709,"Ausar Thompson","DET",2025-05-01,17,1,6,11.8,11.6,FALSE,FALSE,FALSE,FALSE,"— Steady"
1641764,"Brandin Podziemski","GSW",2025-05-14,28,4,6,11.6,12.1,FALSE,FALSE,FALSE,FALSE,"— Steady"
1630702,"Jaden Hardy","DAL",2025-04-13,17,3,4,11.6,10.5,TRUE,FALSE,TRUE,FALSE,"On Fire (last 5)"
1631131,"Oscar Tshiebwe","UTA",2025-04-13,18,2,12,11.6,9.1,TRUE,FALSE,TRUE,FALSE,"On Fire (last 5)"
1630245,"Ayo Dosunmu","CHI",2025-02-28,11,2,5,11.4,12.1,FALSE,FALSE,FALSE,FALSE,"— Steady"
1629684,"Grant Williams","CHA",2024-11-23,8,2,7,11.4,11.4,FALSE,FALSE,FALSE,FALSE,"— Steady"
1630167,"Obi Toppin","IND",2025-06-22,0,1,2,11.4,11.1,FALSE,FALSE,FALSE,FALSE,"— Steady"
1642367,"Jonathan Mogbo","TOR",2025-04-13,9,10,14,11.4,10.7,TRUE,FALSE,TRUE,FALSE,"On Fire (last 5)"
1629614,"Andrew Nembhard","IND",2025-06-22,15,6,5,11.4,10.5,FALSE,FALSE,FALSE,FALSE,"— Steady"
1629655,"Daniel Gafford","DAL",2025-04-13,20,1,7,11.4,10.3,FALSE,FALSE,FALSE,TRUE,"Cold (last 10)"
203952,"Andrew Wiggins","MIA",2025-04-28,12,1,5,11.2,16.8,FALSE,TRUE,FALSE,FALSE,"Cold (last 5)"
203081,"Damian Lillard","MIL",2025-04-27,0,2,2,11.2,16.6,FALSE,TRUE,FALSE,TRUE,"Cold (last 5)"
1629645,"Kevin Porter Jr.","MIL",2025-04-29,11,7,3,11.2,15.7,FALSE,FALSE,TRUE,FALSE,"On Fire (last 10)"
1641733,"Nick Smith Jr.","CHA",2025-04-11,9,4,4,11.2,12.8,FALSE,FALSE,TRUE,FALSE,"On Fire (last 10)"
1629651,"Nic Claxton","BKN",2025-04-13,12,0,2,11.2,11.8,FALSE,FALSE,FALSE,FALSE,"— Steady"
1631170,"Jaime Jaquez Jr.","MIA",2025-04-28,4,1,4,11.2,7.5,TRUE,FALSE,FALSE,FALSE,"On Fire (last 5)"
1629631,"De'Andre Hunter","CLE",2025-05-13,12,1,5,11,12.8,FALSE,TRUE,FALSE,TRUE,"Cold (last 5)"
1627777,"Georges Niang","ATL",2025-04-11,16,0,3,11,9.8,FALSE,FALSE,FALSE,FALSE,"— Steady"
1631260,"AJ Green","MIL",2025-04-29,19,1,4,11,8.8,TRUE,FALSE,TRUE,FALSE,"On Fire (last 5)"
1642281,"Jaylon Tyson","CLE",2025-05-11,11,3,2,11,6.7,TRUE,FALSE,TRUE,FALSE,"On Fire (last 5)"
1630544,"Tre Mann","CHA",2024-11-21,5,0,2,10.8,12.8,FALSE,TRUE,FALSE,FALSE,"Cold (last 5)"
1630703,"Scoot Henderson","POR",2025-03-27,6,6,0,10.8,12.7,FALSE,FALSE,FALSE,FALSE,"— Steady"
1642274,"Yves Missi","NOP",2025-04-08,9,0,5,10.8,11.2,FALSE,FALSE,TRUE,FALSE,"On Fire (last 10)"
1626192,"Pat Connaughton","MIL",2025-04-27,3,1,2,10.8,8.5,TRUE,FALSE,TRUE,FALSE,"On Fire (last 5)"
203915,"Spencer Dinwiddie","DAL",2025-04-13,8,7,2,10.6,11.4,FALSE,FALSE,FALSE,FALSE,"— Steady"
1642347,"Jamal Shead","TOR",2025-04-13,11,9,4,10.6,11.1,TRUE,FALSE,TRUE,FALSE,"On Fire (last 5)"
203501,"Tim Hardaway Jr.","DET",2025-05-01,7,1,5,10.6,11,FALSE,FALSE,FALSE,FALSE,"— Steady"
1629659,"Talen Horton-Tucker","CHI",2025-04-13,17,6,3,10.6,11,TRUE,FALSE,TRUE,FALSE,"On Fire (last 5)"
1641731,"Bilal Coulibaly","WAS",2025-03-10,4,1,2,10.6,11,FALSE,FALSE,FALSE,FALSE,"— Steady"
1627763,"Malcolm Brogdon","WAS",2025-02-12,12,6,0,10.6,10.6,FALSE,FALSE,FALSE,TRUE,"Cold (last 10)"
1630557,"Corey Kispert","WAS",2025-03-15,4,1,2,10.6,10.4,FALSE,FALSE,FALSE,FALSE,"— Steady"
203110,"Draymond Green","GSW",2025-05-14,10,6,6,10.6,9.7,FALSE,FALSE,FALSE,FALSE,"— Steady"
1642270,"Donovan Clingan","POR",2025-04-13,12,3,12,10.6,9.2,TRUE,FALSE,TRUE,FALSE,"On Fire (last 5)"
1628366,"Lonzo Ball","CHI",2025-02-28,14,2,2,10.4,10.2,TRUE,FALSE,TRUE,FALSE,"On Fire (last 5)"
1631115,"Orlando Robinson","TOR",2025-04-09,9,3,12,10.4,10,TRUE,FALSE,TRUE,FALSE,"On Fire (last 5)"
1641787,"Tosan Evbuomwan","BKN",2025-04-13,2,5,4,10.4,8.7,FALSE,FALSE,FALSE,FALSE,"— Steady"
203482,"Kelly Olynyk","NOP",2025-04-08,8,3,1,10.2,10.7,FALSE,FALSE,TRUE,FALSE,"On Fire (last 10)"
1628976,"Wendell Carter Jr.","ORL",2025-04-29,12,1,10,10.2,9.8,FALSE,FALSE,FALSE,FALSE,"— Steady"
1629680,"Matisse Thybulle","POR",2025-04-13,15,2,5,10.2,8.5,TRUE,FALSE,FALSE,FALSE,"On Fire (last 5)"
1631217,"Moussa Diabaté","CHA",2025-04-13,10,0,9,10.2,7.6,TRUE,FALSE,TRUE,FALSE,"On Fire (last 5)"
1626168,"Trey Lyles","SAC",2025-04-13,11,1,2,10.2,7.4,TRUE,FALSE,FALSE,FALSE,"On Fire (last 5)"
1629001,"De'Anthony Melton","GSW",2024-11-12,14,4,4,10.2,NA,FALSE,FALSE,NA,NA,"— Steady"
1631099,"Keegan Murray","SAC",2025-04-13,6,2,7,10,13,FALSE,FALSE,FALSE,FALSE,"— Steady"
1626156,"D'Angelo Russell","BKN",2025-04-03,0,1,0,10,11.9,FALSE,TRUE,FALSE,FALSE,"Cold (last 5)"
1630572,"Sandro Mamukelashvili","SAS",2025-04-13,12,4,4,10,9.4,TRUE,FALSE,TRUE,FALSE,"On Fire (last 5)"
1628978,"Donte DiVincenzo","MIN",2025-05-28,6,2,6,10,9,FALSE,FALSE,FALSE,TRUE,"Cold (last 10)"
1642358,"AJ Johnson","WAS",2025-04-13,14,8,1,9.8,10.9,TRUE,FALSE,TRUE,FALSE,"On Fire (last 5)"
1629006,"Josh Okogie","CHA",2025-04-13,14,2,2,9.8,8,TRUE,FALSE,FALSE,FALSE,"On Fire (last 5)"
1630527,"Brandon Boston","NOP",2025-02-08,11,0,2,9.8,7.6,FALSE,FALSE,FALSE,TRUE,"Cold (last 10)"
1631200,"Kris Murray","POR",2025-04-13,10,3,11,9.8,4.9,TRUE,FALSE,TRUE,FALSE,"On Fire (last 5)"
1630165,"Killian Hayes","BKN",2025-03-01,4,3,4,9.8,NA,FALSE,FALSE,NA,NA,"— Steady"
1642348,"Justin Edwards","PHI",2025-04-05,5,0,1,9.6,15.2,FALSE,FALSE,TRUE,FALSE,"On Fire (last 10)"
1630224,"Jalen Green","HOU",2025-05-04,8,1,4,9.6,10.7,FALSE,TRUE,FALSE,TRUE,"Cold (last 5)"
1631221,"Collin Gillespie","PHX",2025-04-13,12,3,3,9.6,10.4,TRUE,FALSE,TRUE,FALSE,"On Fire (last 5)"
1629634,"Brandon Clarke","MEM",2025-03-19,0,0,1,9.6,10.2,FALSE,FALSE,TRUE,FALSE,"On Fire (last 10)"
1629611,"Terance Mann","ATL",2025-04-13,19,4,3,9.6,9.7,TRUE,FALSE,TRUE,FALSE,"On Fire (last 5)"
203083,"Andre Drummond","PHI",2025-03-12,4,1,6,9.6,8.9,TRUE,FALSE,TRUE,FALSE,"On Fire (last 5)"
1630539,"Kai Jones","DAL",2025-04-13,11,2,8,9.4,9.8,TRUE,FALSE,TRUE,FALSE,"On Fire (last 5)"
1641732,"Colby Jones","WAS",2025-04-13,20,4,10,9.4,9.5,TRUE,FALSE,TRUE,FALSE,"On Fire (last 5)"
1630526,"Jeremiah Robinson-Earl","NOP",2025-04-13,10,5,16,9.4,8.9,TRUE,FALSE,TRUE,FALSE,"On Fire (last 5)"
1630182,"Josh Green","CHA",2025-04-02,3,1,1,9.4,8.4,TRUE,FALSE,FALSE,FALSE,"On Fire (last 5)"
1631165,"Keon Ellis","SAC",2025-04-13,9,3,2,9.4,7.1,FALSE,FALSE,FALSE,FALSE,"— Steady"
1629650,"Moses Brown","DAL",2025-03-01,18,0,9,9.4,5.5,TRUE,FALSE,FALSE,FALSE,"On Fire (last 5)"
202691,"Klay Thompson","DAL",2025-04-11,7,2,1,9.2,10.5,FALSE,TRUE,FALSE,TRUE,"Cold (last 5)"
1631204,"Marcus Sasser","DET",2025-04-13,18,10,1,9.2,10,TRUE,FALSE,TRUE,FALSE,"On Fire (last 5)"
1629675,"Naz Reid","MIN",2025-05-28,11,0,5,9.2,9.8,FALSE,TRUE,FALSE,TRUE,"Cold (last 5)"
1641711,"Gradey Dick","TOR",2025-03-02,2,0,1,9.2,9.1,FALSE,TRUE,FALSE,TRUE,"Cold (last 5)"
1631222,"Jake LaRavia","SAC",2025-03-25,11,2,2,9.2,9,TRUE,FALSE,TRUE,FALSE,"On Fire (last 5)"
201143,"Al Horford","BOS",2025-05-16,10,0,2,9.2,8.3,FALSE,FALSE,FALSE,FALSE,"— Steady"
1626204,"Larry Nance Jr.","ATL",2025-02-10,8,1,3,9.2,7,FALSE,FALSE,FALSE,TRUE,"Cold (last 10)"
1630542,"Marcus Bagley","PHI",2025-04-13,10,1,15,9.2,6.7,TRUE,FALSE,FALSE,FALSE,"On Fire (last 5)"
1629669,"Jaylen Nowell","NOP",2024-11-19,4,4,0,9.2,NA,FALSE,FALSE,NA,NA,"— Steady"
1628370,"Malik Monk","SAC",2025-04-07,2,1,0,9,15.4,FALSE,TRUE,FALSE,FALSE,"Cold (last 5)"
1628971,"Bruce Brown","NOP",2025-04-08,9,1,3,9,10.6,FALSE,FALSE,TRUE,FALSE,"On Fire (last 10)"
1631107,"Nikola Jović","MIA",2025-04-28,24,2,5,9,8.7,FALSE,FALSE,FALSE,TRUE,"Cold (last 10)"
202685,"Jonas Valančiūnas","SAC",2025-04-13,22,4,10,9,7.5,FALSE,FALSE,FALSE,TRUE,"Cold (last 10)"
203992,"Bogdan Bogdanović","LAC",2025-05-03,12,1,3,9,6.8,FALSE,FALSE,FALSE,TRUE,"Cold (last 10)"
1631110,"Jeremy Sochan","SAS",2025-03-30,2,1,2,8.8,12,FALSE,TRUE,FALSE,FALSE,"Cold (last 5)"
1642354,"KJ Simpson","CHA",2025-04-13,2,5,5,8.8,9.9,FALSE,FALSE,TRUE,FALSE,"On Fire (last 10)"
101108,"Chris Paul","SAS",2025-04-13,15,6,7,8.8,9.8,FALSE,FALSE,FALSE,FALSE,"— Steady"
1630249,"Vít Krejčí","ATL",2025-04-13,13,7,7,8.8,9.3,TRUE,FALSE,TRUE,FALSE,"On Fire (last 5)"
1630696,"Dru Smith","MIA",2024-12-23,0,1,1,8.8,8.3,TRUE,FALSE,TRUE,FALSE,"On Fire (last 5)"
1641715,"Cam Whitmore","HOU",2025-05-02,0,0,0,8.8,8.2,FALSE,FALSE,FALSE,FALSE,"— Steady"
1626167,"Myles Turner","IND",2025-06-22,6,1,4,8.6,10.3,FALSE,TRUE,FALSE,TRUE,"Cold (last 5)"
1641763,"Julian Phillips","CHI",2025-04-13,9,2,7,8.6,5.2,TRUE,FALSE,FALSE,FALSE,"On Fire (last 5)"
1628404,"Josh Hart","NYK",2025-05-31,4,1,6,8.4,10,FALSE,TRUE,FALSE,TRUE,"Cold (last 5)"
203935,"Marcus Smart","WAS",2025-04-03,12,0,3,8.4,9.5,FALSE,FALSE,FALSE,FALSE,"— Steady"
1630174,"Aaron Nesmith","IND",2025-06-22,3,1,6,8.4,9.5,FALSE,TRUE,FALSE,TRUE,"Cold (last 5)"
1629008,"Michael Porter Jr.","DEN",2025-05-18,6,1,3,8.4,8.6,FALSE,TRUE,FALSE,TRUE,"Cold (last 5)"
1641724,"Jett Howard","ORL",2025-04-29,6,0,0,8.4,5.1,TRUE,FALSE,FALSE,FALSE,"On Fire (last 5)"
1628963,"Marvin Bagley III","MEM",2025-04-22,0,0,1,8.4,4.8,TRUE,FALSE,FALSE,FALSE,"On Fire (last 5)"
1630623,"Tyson Etienne","BKN",2025-04-13,5,1,0,8.4,NA,FALSE,FALSE,NA,NA,"— Steady"
1641710,"Anthony Black","ORL",2025-04-29,8,0,8,8.2,10.2,FALSE,FALSE,FALSE,FALSE,"— Steady"
1630556,"Kessler Edwards","DAL",2025-03-25,0,0,4,8.2,9.9,TRUE,FALSE,TRUE,FALSE,"On Fire (last 5)"
1627884,"Derrick Jones Jr.","LAC",2025-05-03,12,0,2,8.2,7.3,FALSE,FALSE,FALSE,TRUE,"Cold (last 10)"
1629312,"Haywood Highsmith","MIA",2025-04-28,2,0,4,8.2,7.3,TRUE,FALSE,FALSE,FALSE,"On Fire (last 5)"
1630188,"Jalen Smith","CHI",2025-04-13,12,2,10,8.2,6.9,FALSE,FALSE,FALSE,TRUE,"Cold (last 10)"
1629660,"Ty Jerome","CLE",2025-05-13,8,2,0,8,12.9,FALSE,TRUE,FALSE,FALSE,"Cold (last 5)"
203114,"Khris Middleton","WAS",2025-03-27,8,2,1,8,10.6,FALSE,TRUE,FALSE,FALSE,"Cold (last 5)"
1630533,"Ziaire Williams","BKN",2025-04-10,9,0,1,8,10.2,FALSE,TRUE,FALSE,FALSE,"Cold (last 5)"
201950,"Jrue Holiday","BOS",2025-05-16,4,3,4,8,9.4,FALSE,TRUE,FALSE,FALSE,"Cold (last 5)"
1627936,"Alex Caruso","OKC",2025-06-22,10,0,3,8,9.2,FALSE,FALSE,TRUE,FALSE,"On Fire (last 10)"
1626145,"Tyus Jones","PHX",2025-04-13,17,4,2,8,8.9,FALSE,TRUE,FALSE,FALSE,"Cold (last 5)"
1628975,"Jevon Carter","CHI",2025-04-13,5,2,4,8,6,TRUE,FALSE,TRUE,FALSE,"On Fire (last 5)"
1631245,"Quenton Jackson","IND",2025-04-13,21,2,6,8,6,TRUE,FALSE,FALSE,FALSE,"On Fire (last 5)"
1630529,"Herbert Jones","NOP",2025-01-08,0,1,0,7.8,8.4,FALSE,TRUE,FALSE,TRUE,"Cold (last 5)"
1629652,"Luguentz Dort","OKC",2025-06-22,9,0,7,7.8,7.9,FALSE,FALSE,FALSE,TRUE,"Cold (last 10)"
1641730,"Noah Clowney","BKN",2025-03-29,13,1,5,7.8,7.7,FALSE,FALSE,FALSE,TRUE,"Cold (last 10)"
203957,"Danté Exum","DAL",2025-04-13,4,3,2,7.8,7.5,FALSE,FALSE,FALSE,FALSE,"— Steady"
1631306,"Cole Swider","TOR",2025-04-09,8,2,3,7.8,5.9,TRUE,FALSE,FALSE,FALSE,"On Fire (last 5)"
1642261,"Dalton Knecht","LAL",2025-04-25,0,0,0,7.8,5.9,FALSE,FALSE,FALSE,TRUE,"Cold (last 10)"
1628420,"Monté Morris","PHX",2025-04-13,8,2,3,7.8,5.4,TRUE,FALSE,FALSE,FALSE,"On Fire (last 5)"
1630545,"Terrence Shannon Jr.","MIN",2025-05-28,11,0,1,7.8,4.1,TRUE,FALSE,FALSE,FALSE,"On Fire (last 5)"
1642273,"Kyshawn George","WAS",2025-04-13,5,1,2,7.6,9.9,FALSE,FALSE,FALSE,FALSE,"— Steady"
1642275,"Tidjane Salaün","CHA",2025-04-13,5,2,5,7.6,8.6,TRUE,FALSE,TRUE,FALSE,"On Fire (last 5)"
1642377,"Jaylen Wells","MEM",2025-04-08,3,2,5,7.6,7.7,FALSE,TRUE,FALSE,TRUE,"Cold (last 5)"
1629111,"Jock Landale","HOU",2025-04-30,2,0,0,7.6,7.5,TRUE,FALSE,TRUE,FALSE,"On Fire (last 5)"
1641721,"Maxwell Lewis","BKN",2025-04-11,0,0,1,7.6,6.8,TRUE,FALSE,TRUE,FALSE,"On Fire (last 5)"
1630658,"Colin Castleton","TOR",2025-04-13,10,0,2,7.6,6.6,TRUE,FALSE,TRUE,FALSE,"On Fire (last 5)"
1642382,"Branden Carlson","OKC",2025-04-13,26,2,10,7.6,4.7,TRUE,FALSE,TRUE,FALSE,"On Fire (last 5)"
1629052,"Oshae Brissett","PHI",2025-03-23,5,0,4,7.6,NA,FALSE,FALSE,NA,NA,"— Steady"
203991,"Clint Capela","ATL",2025-03-10,4,1,9,7.4,6.4,FALSE,FALSE,FALSE,TRUE,"Cold (last 10)"
1641734,"Emoni Bates","CLE",2025-04-13,25,2,6,7.4,3.7,TRUE,FALSE,FALSE,FALSE,"On Fire (last 5)"
1631095,"Jabari Smith Jr.","HOU",2025-05-04,3,0,4,7.2,9.2,FALSE,TRUE,FALSE,TRUE,"Cold (last 5)"
1641727,"Dariq Whitehead","BKN",2025-04-13,3,0,1,7.2,7.5,TRUE,FALSE,TRUE,FALSE,"On Fire (last 5)"
1641798,"Jaylen Martin","WAS",2025-04-09,8,3,4,7.2,7,TRUE,FALSE,TRUE,FALSE,"On Fire (last 5)"
1641772,"Nae'Qwan Tomlin","CLE",2025-04-13,24,2,12,7.2,NA,FALSE,FALSE,NA,NA,"— Steady"
1631117,"Walker Kessler","UTA",2025-04-02,11,1,12,7,8.4,FALSE,TRUE,FALSE,TRUE,"Cold (last 5)"
1628449,"Chris Boucher","TOR",2025-02-26,0,0,4,7,7.6,FALSE,TRUE,FALSE,TRUE,"Cold (last 5)"
1630549,"Day'Ron Sharpe","BKN",2025-03-24,10,4,7,7,7.1,FALSE,FALSE,FALSE,FALSE,"— Steady"
1630243,"Trevelin Queen","ORL",2025-04-11,25,4,5,7,4.7,TRUE,FALSE,FALSE,FALSE,"On Fire (last 5)"
1630205,"Lamar Stevens","MEM",2025-04-26,0,0,0,7,4,TRUE,FALSE,FALSE,FALSE,"On Fire (last 5)"
1630543,"Isaiah Jackson","IND",2024-11-01,6,1,8,7,NA,FALSE,FALSE,NA,NA,"— Steady"
1631301,"Jaylen Sims","CHA",2025-04-13,12,2,1,7,NA,FALSE,FALSE,NA,NA,"— Steady"
1630241,"Sam Merrill","CLE",2025-05-11,2,1,3,6.8,7,FALSE,FALSE,FALSE,FALSE,"— Steady"
1631106,"Tari Eason","HOU",2025-05-04,5,1,5,6.6,8.2,FALSE,TRUE,FALSE,TRUE,"Cold (last 5)"
1641744,"Zach Edey","MEM",2025-04-26,8,1,8,6.6,8.1,FALSE,TRUE,FALSE,FALSE,"Cold (last 5)"
1629610,"DaQuan Jeffries","CHA",2025-04-13,11,0,4,6.6,7.9,FALSE,FALSE,TRUE,FALSE,"On Fire (last 10)"
1631209,"Isaiah Wong","CHA",2025-02-12,7,1,0,6.6,5.9,FALSE,FALSE,FALSE,FALSE,"— Steady"
1630643,"Jay Huff","MEM",2025-04-26,0,1,1,6.6,5.6,FALSE,FALSE,FALSE,TRUE,"Cold (last 10)"
203500,"Steven Adams","HOU",2025-05-04,3,0,7,6.6,5.4,TRUE,FALSE,TRUE,FALSE,"On Fire (last 5)"
1641783,"Tristan da Silva","ORL",2025-04-29,0,1,3,6.6,4.9,FALSE,FALSE,FALSE,TRUE,"Cold (last 10)"
1631124,"Julian Strawther","DEN",2025-05-18,6,0,3,6.6,4.7,FALSE,TRUE,FALSE,TRUE,"Cold (last 5)"
202693,"Markieff Morris","LAL",2025-04-13,11,6,4,6.6,4.6,TRUE,FALSE,TRUE,FALSE,"On Fire (last 5)"
201566,"Russell Westbrook","DEN",2025-05-18,6,2,5,6.4,12,FALSE,TRUE,FALSE,FALSE,"Cold (last 5)"
1642276,"Kel'el Ware","MIA",2025-04-28,2,0,7,6.4,9.3,FALSE,TRUE,FALSE,FALSE,"Cold (last 5)"
1630208,"Nick Richards","PHX",2025-04-08,4,0,9,6.4,8.3,FALSE,TRUE,FALSE,FALSE,"Cold (last 5)"
1641796,"Pelle Larsson","MIA",2025-04-28,12,3,5,6.4,8.3,TRUE,FALSE,TRUE,FALSE,"On Fire (last 5)"
1628380,"Zach Collins","CHI",2025-04-13,13,2,4,6.4,6.9,FALSE,FALSE,FALSE,FALSE,"— Steady"
1631243,"Mouhamed Gueye","ATL",2025-04-13,3,0,4,6.4,6.2,FALSE,FALSE,FALSE,FALSE,"— Steady"
1641717,"Cason Wallace","OKC",2025-06-22,10,0,2,6.4,5.6,FALSE,FALSE,FALSE,TRUE,"Cold (last 10)"
1629011,"Mitchell Robinson","NYK",2025-05-31,8,0,9,6.4,5.3,TRUE,FALSE,FALSE,FALSE,"On Fire (last 5)"
1641741,"Ricky Council IV","PHI",2025-04-13,5,0,4,6.2,9.3,FALSE,FALSE,TRUE,FALSE,"On Fire (last 10)"
1627827,"Dorian Finney-Smith","LAL",2025-04-30,7,2,4,6.2,8.5,FALSE,TRUE,FALSE,FALSE,"Cold (last 5)"
1642345,"Oso Ighodaro","PHX",2025-04-13,10,3,4,6.2,6.6,TRUE,FALSE,TRUE,FALSE,"On Fire (last 5)"
1629726,"Garrison Mathews","ATL",2025-04-13,12,1,4,6.2,5.7,FALSE,FALSE,FALSE,TRUE,"Cold (last 10)"
1631111,"Wendell Moore Jr.","CHA",2025-04-13,8,2,3,6.2,5.5,TRUE,FALSE,TRUE,FALSE,"On Fire (last 5)"
201569,"Eric Gordon","PHI",2025-02-09,0,1,0,6,9.1,FALSE,FALSE,TRUE,FALSE,"On Fire (last 10)"
1628997,"Caleb Martin","DAL",2025-04-13,6,0,3,6,6,FALSE,TRUE,FALSE,TRUE,"Cold (last 5)"
1628379,"Luke Kennard","MEM",2025-04-26,4,3,3,6,4.1,FALSE,TRUE,FALSE,TRUE,"Cold (last 5)"
1628398,"Kyle Kuzma","MIL",2025-04-29,5,0,5,5.8,10.5,FALSE,TRUE,FALSE,TRUE,"Cold (last 5)"
1631157,"Ryan Rollins","MIL",2025-04-27,5,1,0,5.8,8.6,FALSE,FALSE,TRUE,FALSE,"On Fire (last 10)"
1626158,"Richaun Holmes","WAS",2025-04-02,2,0,0,5.8,8.1,FALSE,TRUE,FALSE,FALSE,"Cold (last 5)"
203497,"Rudy Gobert","MIN",2025-05-28,2,1,5,5.8,7.7,FALSE,TRUE,FALSE,TRUE,"Cold (last 5)"
1627739,"Kris Dunn","LAC",2025-05-03,3,1,1,5.8,6.8,FALSE,FALSE,FALSE,FALSE,"— Steady"
1628988,"Aaron Holiday","HOU",2025-05-02,3,0,1,5.8,6.5,FALSE,FALSE,TRUE,FALSE,"On Fire (last 10)"
1641878,"Damion Baugh","CHA",2025-04-13,6,6,7,5.8,6.4,FALSE,TRUE,FALSE,FALSE,"Cold (last 5)"
202704,"Reggie Jackson","PHI",2025-02-05,10,1,1,5.8,5.1,TRUE,FALSE,TRUE,FALSE,"On Fire (last 5)"
1630231,"KJ Martin","UTA",2025-04-02,13,2,3,5.8,5.1,FALSE,FALSE,FALSE,TRUE,"Cold (last 10)"
1631218,"Trayce Jackson-Davis","GSW",2025-05-14,2,0,2,5.8,3.7,FALSE,FALSE,FALSE,TRUE,"Cold (last 10)"
1642352,"Keshad Johnson","MIA",2025-04-28,2,0,1,5.8,3.1,TRUE,FALSE,TRUE,FALSE,"On Fire (last 5)"
1641871,"Duop Reath","POR",2025-04-11,0,0,3,5.6,7.6,TRUE,FALSE,TRUE,FALSE,"On Fire (last 5)"
1641720,"Jalen Hood-Schifino","PHI",2025-04-13,7,3,2,5.6,6.6,FALSE,TRUE,FALSE,FALSE,"Cold (last 5)"
1630573,"Sam Hauser","BOS",2025-05-16,6,0,3,5.6,6.3,FALSE,TRUE,FALSE,TRUE,"Cold (last 5)"
1631246,"Vince Williams Jr.","MEM",2025-04-26,11,3,4,5.6,5.3,FALSE,FALSE,FALSE,TRUE,"Cold (last 10)"
1642285,"Cam Spencer","MEM",2025-04-13,23,7,2,5.6,3.9,TRUE,FALSE,FALSE,FALSE,"On Fire (last 5)"
203486,"Mason Plumlee","PHX",2025-04-13,4,3,5,5.6,3.4,TRUE,FALSE,FALSE,TRUE,"On Fire (last 5)"
1642024,"Alex Reese","PHI",2025-04-09,4,0,2,5.4,5.7,FALSE,FALSE,FALSE,FALSE,"— Steady"
1631104,"Blake Wesley","SAS",2025-04-13,8,4,1,5.4,5.6,TRUE,FALSE,TRUE,FALSE,"On Fire (last 5)"
1628392,"Isaiah Hartenstein","OKC",2025-06-22,7,4,9,5.4,5.5,FALSE,TRUE,FALSE,TRUE,"Cold (last 5)"
1641723,"Kobe Bufkin","ATL",2024-12-08,4,0,2,5.4,5.3,FALSE,FALSE,FALSE,FALSE,"— Steady"
1628436,"Luke Kornet","BOS",2025-05-16,5,1,5,5.4,4.8,FALSE,FALSE,FALSE,TRUE,"Cold (last 10)"
1630322,"Lindy Waters III","DET",2025-04-13,18,1,6,5.4,4.4,FALSE,FALSE,FALSE,FALSE,"— Steady"
1641736,"Reece Beekman","BKN",2025-04-11,11,3,2,5.4,4.4,TRUE,FALSE,TRUE,FALSE,"On Fire (last 5)"
1629057,"Robert Williams III","POR",2025-02-20,8,1,6,5.4,4.1,FALSE,FALSE,FALSE,TRUE,"Cold (last 10)"
1631223,"David Roddy","HOU",2025-04-13,4,0,1,5.4,3.9,FALSE,FALSE,FALSE,TRUE,"Cold (last 10)"
1641726,"Dereck Lively II","DAL",2025-04-11,10,0,11,5.2,8.9,FALSE,TRUE,FALSE,FALSE,"Cold (last 5)"
1626220,"Royce O'Neale","PHX",2025-04-13,5,3,3,5.2,6.8,FALSE,TRUE,FALSE,TRUE,"Cold (last 5)"
1630191,"Isaiah Stewart","DET",2025-04-19,2,1,5,5.2,6.7,FALSE,FALSE,FALSE,FALSE,"— Steady"
203926,"Doug McDermott","SAC",2025-04-13,6,2,0,5.2,4.1,TRUE,FALSE,TRUE,FALSE,"On Fire (last 5)"
201572,"Brook Lopez","MIL",2025-04-29,2,0,0,5,9,FALSE,TRUE,FALSE,TRUE,"Cold (last 5)"
204001,"Kristaps Porziņģis","BOS",2025-05-16,4,0,5,5,8,FALSE,TRUE,FALSE,TRUE,"Cold (last 5)"
203484,"Kentavious Caldwell-Pope","ORL",2025-04-29,8,1,3,5,7.8,FALSE,TRUE,FALSE,FALSE,"Cold (last 5)"
202709,"Cory Joseph","ORL",2025-04-29,0,3,2,5,5.2,TRUE,FALSE,TRUE,FALSE,"On Fire (last 5)"
201988,"Patty Mills","LAC",2025-04-24,3,0,0,5,4,TRUE,FALSE,FALSE,FALSE,"On Fire (last 5)"
1642484,"RayJ Dennis","IND",2025-04-13,13,6,5,5,3,TRUE,FALSE,FALSE,FALSE,"On Fire (last 5)"
201587,"Nicolas Batum","LAC",2025-05-03,3,2,2,4.8,6.9,FALSE,FALSE,TRUE,FALSE,"On Fire (last 10)"
1630540,"Miles McBride","NYK",2025-05-31,2,1,3,4.8,6.5,FALSE,TRUE,FALSE,TRUE,"Cold (last 5)"
202687,"Bismack Biyombo","SAS",2025-04-13,2,0,7,4.8,4.9,FALSE,FALSE,FALSE,FALSE,"— Steady"
1630198,"Isaiah Joe","OKC",2025-06-19,11,1,1,4.8,4.9,FALSE,TRUE,FALSE,TRUE,"Cold (last 5)"
1630811,"Keaton Wallace","ATL",2025-04-13,15,15,11,4.8,4,FALSE,FALSE,FALSE,TRUE,"Cold (last 10)"
1631342,"Daeqwon Plowden","ATL",2025-04-13,17,2,4,4.8,NA,FALSE,TRUE,NA,NA,"Cold (last 5)"
1629130,"Duncan Robinson","MIA",2025-04-28,0,0,1,4.6,8.9,FALSE,TRUE,FALSE,TRUE,"Cold (last 5)"
1631207,"Dalen Terry","CHI",2025-04-13,6,1,3,4.6,6.2,FALSE,FALSE,TRUE,FALSE,"On Fire (last 10)"
1630171,"Isaac Okoro","CLE",2025-05-13,2,0,0,4.6,5.6,FALSE,TRUE,FALSE,FALSE,"Cold (last 5)"
1629048,"Goga Bitadze","ORL",2025-04-29,0,0,0,4.6,4.3,FALSE,TRUE,FALSE,TRUE,"Cold (last 5)"
1630695,"Micah Potter","UTA",2025-04-13,7,4,5,4.6,4.3,FALSE,FALSE,FALSE,FALSE,"— Steady"
1630531,"Jaden Springer","UTA",2025-04-13,0,0,2,4.6,3.7,TRUE,FALSE,TRUE,FALSE,"On Fire (last 5)"
1641890,"Tyler Smith","MIL",2025-04-13,20,0,4,4.6,3.7,TRUE,FALSE,TRUE,FALSE,"On Fire (last 5)"
1631250,"Pete Nance","MIL",2025-04-13,19,5,6,4.6,3.1,TRUE,FALSE,FALSE,FALSE,"On Fire (last 5)"
1629013,"Landry Shamet","NYK",2025-05-31,12,2,0,4.6,2.4,FALSE,FALSE,FALSE,TRUE,"Cold (last 10)"
1642269,"Devin Carter","SAC",2025-04-13,5,1,5,4.6,2.4,FALSE,FALSE,FALSE,TRUE,"Cold (last 10)"
201144,"Mike Conley","MIN",2025-05-28,0,1,0,4.4,6.2,FALSE,TRUE,FALSE,TRUE,"Cold (last 5)"
1630264,"Anthony Gill","WAS",2025-04-08,0,0,4,4.4,5.3,TRUE,FALSE,TRUE,FALSE,"On Fire (last 5)"
203967,"Dario Šarić","DEN",2025-04-02,4,1,1,4.4,4.2,TRUE,FALSE,TRUE,FALSE,"On Fire (last 5)"
1631323,"Simone Fontecchio","DET",2025-04-13,15,2,3,4.4,4.1,FALSE,TRUE,FALSE,TRUE,"Cold (last 5)"
1630528,"Josh Christopher","MIA",2025-04-13,17,3,3,4.4,2.3,TRUE,FALSE,FALSE,FALSE,"On Fire (last 5)"
1626196,"Josh Richardson","MIA",2024-11-18,4,1,0,4.4,NA,FALSE,FALSE,NA,NA,"— Steady"
203937,"Kyle Anderson","MIA",2025-04-28,0,0,0,4.2,7.6,FALSE,TRUE,TRUE,FALSE,"Cold (last 5)"
1629599,"Amir Coffey","LAC",2025-04-13,0,0,1,4.2,6.7,FALSE,TRUE,FALSE,TRUE,"Cold (last 5)"
202066,"Garrett Temple","TOR",2025-04-13,0,1,0,4.2,4.2,TRUE,FALSE,TRUE,FALSE,"On Fire (last 5)"
1642262,"Cody Williams","UTA",2025-03-28,2,2,1,4.2,4.1,FALSE,FALSE,FALSE,FALSE,"— Steady"
1628995,"Kevin Knox II","GSW",2025-05-12,2,1,0,4.2,3.9,FALSE,FALSE,FALSE,FALSE,"— Steady"
1630256,"Jae'Sean Tate","HOU",2025-04-09,7,1,4,4.2,3.7,FALSE,FALSE,FALSE,FALSE,"— Steady"
1641745,"Adam Flagler","OKC",2025-04-13,2,0,1,4.2,3.1,TRUE,FALSE,TRUE,FALSE,"On Fire (last 5)"
1641738,"Kobe Brown","LAC",2025-05-03,13,3,0,4.2,2.5,TRUE,FALSE,TRUE,FALSE,"On Fire (last 5)"
1631212,"Peyton Watson","DEN",2025-05-18,4,2,4,4,5,FALSE,TRUE,FALSE,TRUE,"Cold (last 5)"
1630598,"Aaron Wiggins","OKC",2025-06-22,0,0,1,4,4.6,FALSE,TRUE,FALSE,TRUE,"Cold (last 5)"
1642402,"Enrique Freeman","IND",2025-04-13,8,1,8,4,2.6,TRUE,FALSE,TRUE,FALSE,"On Fire (last 5)"
1641765,"Olivier-Maxence Prosper","DAL",2025-03-05,9,2,2,3.8,5.9,FALSE,FALSE,TRUE,FALSE,"On Fire (last 10)"
1626179,"Terry Rozier","MIA",2025-04-13,2,1,6,3.8,5,FALSE,TRUE,FALSE,TRUE,"Cold (last 5)"
1629626,"Bol Bol","PHX",2025-04-13,0,0,0,3.8,4.4,FALSE,TRUE,FALSE,TRUE,"Cold (last 5)"
1631230,"Dominick Barlow","ATL",2025-04-13,15,1,5,3.8,4.1,FALSE,FALSE,FALSE,FALSE,"— Steady"
1628981,"Bruno Fernando","TOR",2024-12-31,0,0,1,3.8,3.8,FALSE,FALSE,FALSE,FALSE,"— Steady"
1631466,"Nate Williams","HOU",2025-05-02,0,0,0,3.8,2.6,TRUE,FALSE,FALSE,FALSE,"On Fire (last 5)"
1631210,"Jacob Toppin","ATL",2025-04-13,17,2,4,3.8,2.1,TRUE,FALSE,TRUE,FALSE,"On Fire (last 5)"
1630541,"Moses Moody","GSW",2025-05-14,12,2,1,3.6,6.6,FALSE,TRUE,FALSE,TRUE,"Cold (last 5)"
1628371,"Jonathan Isaac","ORL",2025-04-29,5,1,1,3.6,5.5,FALSE,TRUE,FALSE,FALSE,"Cold (last 5)"
1641713,"GG Jackson","MEM",2025-04-13,5,3,4,3.6,4.9,FALSE,TRUE,FALSE,TRUE,"Cold (last 5)"
201567,"Kevin Love","MIA",2025-03-21,0,0,0,3.6,3.6,FALSE,TRUE,FALSE,TRUE,"Cold (last 5)"
1641989,"Elijah Harkless","UTA",2025-02-10,0,0,0,3.6,3.2,FALSE,FALSE,FALSE,FALSE,"— Steady"
1629003,"Shake Milton","LAL",2025-04-25,0,0,0,3.6,2.7,FALSE,TRUE,FALSE,TRUE,"Cold (last 5)"
1641790,"PJ Hall","DEN",2025-03-28,7,0,3,3.6,2.4,TRUE,FALSE,TRUE,FALSE,"On Fire (last 5)"
1630538,"Bones Hyland","MIN",2025-04-03,0,0,1,3.4,4.2,FALSE,TRUE,FALSE,TRUE,"Cold (last 5)"
202684,"Tristan Thompson","CLE",2025-05-11,3,0,6,3.4,2.5,TRUE,FALSE,TRUE,FALSE,"On Fire (last 5)"
1631123,"Jamaree Bouyea","MIL",2025-04-13,15,7,3,3.4,NA,FALSE,FALSE,NA,NA,"— Steady"
1628467,"Maxi Kleber","LAL",2025-04-30,2,0,0,3.2,4.1,FALSE,FALSE,TRUE,FALSE,"On Fire (last 10)"
1630550,"JT Thor","WAS",2025-04-11,3,0,4,3.2,4,FALSE,FALSE,FALSE,FALSE,"— Steady"
1630283,"Kylor Kelley","NOP",2025-04-13,3,1,5,3.2,3.3,FALSE,FALSE,FALSE,FALSE,"— Steady"
201959,"Taj Gibson","CHA",2025-04-13,4,2,6,3.2,2.7,FALSE,FALSE,FALSE,FALSE,"— Steady"
1630574,"Ariel Hukporti","NYK",2025-05-31,0,0,0,3.2,2.4,TRUE,FALSE,TRUE,FALSE,"On Fire (last 5)"
1631303,"Justin Minaya","POR",2025-04-13,5,2,3,3.2,1.8,TRUE,FALSE,TRUE,FALSE,"On Fire (last 5)"
1642050,"Jackson Rowe","GSW",2025-04-08,6,1,3,3.2,NA,FALSE,FALSE,NA,NA,"— Steady"
1631248,"Baylor Scheierman","BOS",2025-05-16,5,0,2,3,4.6,FALSE,FALSE,TRUE,FALSE,"On Fire (last 10)"
1641816,"Hunter Tyson","DEN",2025-05-18,5,1,3,3,3.8,FALSE,FALSE,TRUE,FALSE,"On Fire (last 10)"
1630692,"Jordan Goodwin","LAL",2025-04-27,0,1,2,3,3,FALSE,TRUE,FALSE,TRUE,"Cold (last 5)"
1629750,"Javonte Green","CLE",2025-05-11,2,0,2,3,2.8,FALSE,TRUE,FALSE,TRUE,"Cold (last 5)"
1631159,"Leonard Miller","MIN",2025-05-24,11,0,3,3,2.3,TRUE,FALSE,FALSE,FALSE,"On Fire (last 5)"
1642461,"Spencer Jones","DEN",2025-04-02,4,2,4,3,2.1,TRUE,FALSE,TRUE,FALSE,"On Fire (last 5)"
1641748,"Andre Jackson Jr.","MIL",2025-04-27,0,0,0,3,1.9,FALSE,FALSE,FALSE,TRUE,"Cold (last 10)"
1641752,"Bobi Klintman","DET",2025-04-13,15,6,3,3,NA,TRUE,FALSE,NA,NA,"On Fire (last 5)"
1642263,"Reed Sheppard","HOU",2025-05-02,0,0,0,2.8,5.5,FALSE,TRUE,TRUE,FALSE,"Cold (last 5)"
201145,"Jeff Green","HOU",2025-05-02,0,0,0,2.8,4.6,FALSE,TRUE,FALSE,FALSE,"Cold (last 5)"
1629646,"Charles Bassey","SAS",2025-04-04,0,0,0,2.8,4.2,FALSE,TRUE,FALSE,FALSE,"Cold (last 5)"
1629637,"Jaxson Hayes","LAL",2025-04-27,2,1,3,2.8,3.9,FALSE,TRUE,FALSE,TRUE,"Cold (last 5)"
1629216,"Gabe Vincent","LAL",2025-04-30,0,2,3,2.8,3.8,FALSE,TRUE,FALSE,TRUE,"Cold (last 5)"
1628365,"Markelle Fultz","SAC",2025-04-13,4,4,2,2.8,3.5,FALSE,FALSE,TRUE,FALSE,"On Fire (last 10)"
1630194,"Paul Reed","DET",2025-05-01,2,1,1,2.8,3.5,FALSE,TRUE,FALSE,FALSE,"Cold (last 5)"
1631132,"Christian Koloko","LAL",2025-04-13,4,0,8,2.8,3.5,FALSE,FALSE,TRUE,FALSE,"On Fire (last 10)"
1641716,"Jarace Walker","IND",2025-05-31,2,0,1,2.8,3,FALSE,TRUE,FALSE,TRUE,"Cold (last 5)"
1641767,"Ben Sheppard","IND",2025-06-22,0,0,4,2.8,3,FALSE,TRUE,FALSE,TRUE,"Cold (last 5)"
1627814,"Damion Lee","PHX",2025-04-13,4,0,1,2.8,2.8,FALSE,FALSE,FALSE,TRUE,"Cold (last 10)"
1630579,"Jericho Sims","MIL",2025-04-29,4,0,5,2.8,2.4,TRUE,FALSE,TRUE,FALSE,"On Fire (last 5)"
1641794,"Dillon Jones","OKC",2025-06-22,0,0,0,2.8,2.3,FALSE,FALSE,FALSE,FALSE,"— Steady"
1626172,"Kevon Looney","GSW",2025-05-14,0,1,3,2.8,2.1,FALSE,TRUE,FALSE,TRUE,"Cold (last 5)"
1641725,"Trey Alexander","DEN",2025-04-13,2,0,1,2.8,2,TRUE,FALSE,TRUE,FALSE,"On Fire (last 5)"
203458,"Alex Len","LAL",2025-04-25,0,0,0,2.8,1.8,TRUE,FALSE,TRUE,FALSE,"On Fire (last 5)"
1628396,"Tony Bradley","IND",2025-06-22,2,0,1,2.8,1.7,FALSE,FALSE,FALSE,TRUE,"Cold (last 10)"
1627780,"Gary Payton II","GSW",2025-05-14,0,0,0,2.6,4.4,FALSE,TRUE,FALSE,TRUE,"Cold (last 5)"
1629162,"Jordan McLaughlin","SAS",2025-04-13,2,0,0,2.6,2.9,TRUE,FALSE,TRUE,FALSE,"On Fire (last 5)"
1630568,"Luka Garza","MIN",2025-05-28,4,0,2,2.6,2.2,FALSE,TRUE,FALSE,TRUE,"Cold (last 5)"
1629723,"John Konchar","MEM",2025-04-26,4,2,6,2.6,2.1,FALSE,FALSE,FALSE,FALSE,"— Steady"
1631120,"JD Davison","BOS",2025-05-16,1,0,0,2.6,2.1,TRUE,FALSE,FALSE,FALSE,"On Fire (last 5)"
1642505,"Alex Ducas","OKC",2025-04-13,5,1,5,2.6,1.6,TRUE,FALSE,FALSE,FALSE,"On Fire (last 5)"
1641809,"Drew Peterson","BOS",2025-04-13,4,0,3,2.6,1.3,TRUE,FALSE,FALSE,TRUE,"On Fire (last 5)"
1630561,"David Duke Jr.","SAS",2025-04-11,8,1,1,2.6,NA,FALSE,FALSE,NA,NA,"— Steady"
1641854,"Craig Porter Jr.","CLE",2025-05-11,4,4,2,2.4,6.1,FALSE,TRUE,TRUE,FALSE,"Cold (last 5)"
1629674,"Neemias Queta","BOS",2025-05-16,2,0,1,2.4,4.5,FALSE,TRUE,FALSE,FALSE,"Cold (last 5)"
1628998,"Cody Martin","PHX",2025-04-13,2,1,2,2.4,3.6,FALSE,TRUE,FALSE,TRUE,"Cold (last 5)"
203901,"Elfrid Payton","NOP",2025-04-13,3,3,2,2.4,3.2,FALSE,TRUE,FALSE,FALSE,"Cold (last 5)"
1630699,"MarJon Beauchamp","NYK",2025-04-13,4,1,4,2.4,2.7,FALSE,FALSE,TRUE,FALSE,"On Fire (last 10)"
1631116,"Patrick Baldwin Jr.","LAC",2025-04-04,6,0,2,2.4,2.6,FALSE,FALSE,TRUE,FALSE,"On Fire (last 10)"
1642530,"Yuki Kawamura","MEM",2025-04-13,12,5,5,2.4,2.6,TRUE,FALSE,TRUE,FALSE,"On Fire (last 5)"
1631172,"Ousmane Dieng","OKC",2025-06-22,0,0,0,2.4,1.4,FALSE,TRUE,FALSE,TRUE,"Cold (last 5)"
1642422,"Armel Traore","LAL",2025-02-04,2,0,1,2.4,NA,TRUE,FALSE,NA,NA,"On Fire (last 5)"
1630175,"Cole Anthony","ORL",2025-04-29,3,1,3,2.2,4.7,FALSE,TRUE,FALSE,TRUE,"Cold (last 5)"
1641740,"Jaylen Clark","MIN",2025-05-28,2,0,1,2.2,1.8,FALSE,TRUE,FALSE,TRUE,"Cold (last 5)"
1629098,"Jack McVeigh","HOU",2025-04-11,0,0,1,2.2,NA,TRUE,FALSE,NA,NA,"On Fire (last 5)"
1642443,"Jahmir Young","CHI",2025-04-13,4,3,0,2.2,NA,TRUE,FALSE,NA,NA,"On Fire (last 5)"
1628464,"Daniel Theis","NOP",2025-01-29,2,1,5,2,5.2,FALSE,TRUE,TRUE,FALSE,"Cold (last 5)"
1628964,"Mo Bamba","NOP",2025-03-17,0,1,4,2,4.5,FALSE,TRUE,FALSE,FALSE,"Cold (last 5)"
200768,"Kyle Lowry","PHI",2025-04-07,5,1,1,2,3.4,FALSE,TRUE,FALSE,FALSE,"Cold (last 5)"
1631119,"Jaylin Williams","OKC",2025-06-19,7,1,5,2,2.4,FALSE,TRUE,FALSE,TRUE,"Cold (last 5)"
1631321,"Sidy Cissoko","POR",2025-04-13,7,4,2,2,1.9,TRUE,FALSE,TRUE,FALSE,"On Fire (last 5)"
1629629,"Cam Reddish","LAL",2025-03-20,2,0,4,2,1.7,FALSE,TRUE,FALSE,TRUE,"Cold (last 5)"
1629731,"Dean Wade","CLE",2025-05-13,4,0,6,2,1.6,FALSE,TRUE,FALSE,TRUE,"Cold (last 5)"
1641801,"Emanuel Miller","CHI",2025-04-13,6,0,5,2,NA,FALSE,FALSE,NA,NA,"— Steady"
1641842,"Ronald Holland II","DET",2025-04-29,2,0,1,1.8,3.5,FALSE,TRUE,FALSE,TRUE,"Cold (last 5)"
1630611,"Gui Santos","GSW",2025-05-14,2,0,5,1.8,2.6,FALSE,TRUE,FALSE,TRUE,"Cold (last 5)"
1630222,"Mason Jones","SAC",2025-03-24,0,1,1,1.8,2.3,FALSE,TRUE,FALSE,FALSE,"Cold (last 5)"
1642278,"Tyler Kolek","NYK",2025-05-31,0,3,0,1.8,2.3,FALSE,FALSE,TRUE,FALSE,"On Fire (last 10)"
1629618,"Jalen Pickett","DEN",2025-05-18,6,2,2,1.8,1.3,FALSE,TRUE,FALSE,TRUE,"Cold (last 5)"
1629643,"Chuma Okeke","CLE",2025-05-11,3,1,0,1.6,5.1,FALSE,TRUE,FALSE,FALSE,"Cold (last 5)"
1630311,"Pat Spencer","GSW",2025-05-14,2,1,1,1.6,4.6,FALSE,TRUE,TRUE,FALSE,"Cold (last 5)"
1642366,"Quinten Post","GSW",2025-05-14,3,0,3,1.6,3.3,FALSE,TRUE,FALSE,TRUE,"Cold (last 5)"
1630173,"Precious Achiuwa","NYK",2025-05-31,0,0,0,1.6,3.2,FALSE,TRUE,FALSE,TRUE,"Cold (last 5)"
1629234,"Drew Eubanks","LAC",2025-05-03,1,0,0,1.6,2.6,FALSE,TRUE,FALSE,TRUE,"Cold (last 5)"
1641789,"Jazian Gortman","DAL",2025-01-25,0,0,0,1.6,1.6,FALSE,FALSE,FALSE,FALSE,"— Steady"
1628427,"Vlatko Čančar","DEN",2025-05-07,0,0,2,1.6,1.5,FALSE,FALSE,FALSE,FALSE,"— Steady"
1641753,"Chris Livingston","MIL",2025-04-27,0,0,0,1.6,1.5,TRUE,FALSE,FALSE,FALSE,"On Fire (last 5)"
1642265,"Rob Dillingham","MIN",2025-05-28,7,2,1,1.6,1.4,FALSE,TRUE,FALSE,TRUE,"Cold (last 5)"
1630762,"Phillip Wheeler","PHI",2025-04-03,0,0,1,1.6,NA,FALSE,FALSE,NA,NA,"— Steady"
1641779,"Jalen Bridges","PHX",2025-04-13,2,0,1,1.6,NA,TRUE,FALSE,NA,NA,"On Fire (last 5)"
203914,"Gary Harris","ORL",2025-04-29,3,1,1,1.4,3.8,FALSE,TRUE,TRUE,FALSE,"Cold (last 5)"
1642355,"Bronny James","LAL",2025-04-25,0,0,0,1.4,3.2,FALSE,TRUE,TRUE,FALSE,"Cold (last 5)"
1629020,"Jarred Vanderbilt","LAL",2025-04-30,2,3,7,1.4,3,FALSE,TRUE,FALSE,TRUE,"Cold (last 5)"
1626153,"Delon Wright","NYK",2025-05-31,2,0,1,1.4,2.9,FALSE,TRUE,FALSE,FALSE,"Cold (last 5)"
1642403,"Isaac Jones","SAC",2025-04-13,2,0,2,1.4,2.1,FALSE,TRUE,FALSE,TRUE,"Cold (last 5)"
1629026,"Kenrich Williams","OKC",2025-06-22,0,0,1,1.4,2,FALSE,TRUE,FALSE,TRUE,"Cold (last 5)"
1641998,"Trey Jemison III","LAL",2025-04-13,3,1,8,1.4,2,FALSE,TRUE,FALSE,TRUE,"Cold (last 5)"
1631102,"TyTy Washington Jr.","PHX",2025-04-13,2,1,1,1.4,1.8,FALSE,TRUE,FALSE,TRUE,"Cold (last 5)"
1641757,"Jordan Miller","LAC",2025-05-03,4,4,1,1.4,1.7,FALSE,TRUE,FALSE,TRUE,"Cold (last 5)"
1630537,"Chris Duarte","CHI",2025-02-02,0,1,0,1.4,1.5,FALSE,TRUE,FALSE,TRUE,"Cold (last 5)"
1630649,"Stanley Umude","MIL",2025-04-13,0,1,0,1.4,0.9,TRUE,FALSE,TRUE,FALSE,"On Fire (last 5)"
201949,"James Johnson","IND",2025-06-19,0,0,0,1.4,0.7,TRUE,FALSE,FALSE,TRUE,"On Fire (last 5)"
1642450,"Daniss Jenkins","DET",2025-04-13,2,3,2,1.4,NA,TRUE,FALSE,NA,NA,"On Fire (last 5)"
1627752,"Taurean Prince","MIL",2025-04-29,0,0,1,1.2,4.1,FALSE,TRUE,FALSE,TRUE,"Cold (last 5)"
1631216,"Caleb Houstan","ORL",2025-04-29,0,0,0,1.2,4.1,FALSE,TRUE,FALSE,FALSE,"Cold (last 5)"
1642349,"Ajay Mitchell","OKC",2025-06-22,0,0,0,1.2,3.5,FALSE,TRUE,FALSE,TRUE,"Cold (last 5)"
203939,"Dwight Powell","DAL",2025-04-13,6,0,0,1.2,2.2,FALSE,TRUE,FALSE,FALSE,"Cold (last 5)"
1630604,"E.J. Liddell","CHI",2025-04-13,0,0,0,1.2,2.1,FALSE,TRUE,TRUE,FALSE,"Cold (last 5)"
201599,"DeAndre Jordan","DEN",2025-05-07,2,0,0,1.2,1.8,FALSE,TRUE,FALSE,TRUE,"Cold (last 5)"
1630192,"Zeke Nnaji","DEN",2025-05-18,0,0,2,1.2,1.6,FALSE,TRUE,FALSE,TRUE,"Cold (last 5)"
1628470,"Torrey Craig","BOS",2025-05-16,3,3,1,1.2,1.3,FALSE,TRUE,FALSE,TRUE,"Cold (last 5)"
1631098,"Johnny Davis","WAS",2025-02-05,0,0,0,1.2,1.3,FALSE,TRUE,FALSE,TRUE,"Cold (last 5)"
1642359,"Pacôme Dadiet","NYK",2025-05-31,0,0,0,1.2,1.3,FALSE,TRUE,FALSE,TRUE,"Cold (last 5)"
1626166,"Cameron Payne","NYK",2025-05-23,0,1,0,1.2,1.2,FALSE,TRUE,FALSE,TRUE,"Cold (last 5)"
1630214,"Xavier Tillman","BOS",2025-05-16,2,0,3,1.2,1.1,FALSE,FALSE,FALSE,FALSE,"— Steady"
1631169,"Josh Minott","MIN",2025-05-28,3,1,0,1,2.7,FALSE,TRUE,FALSE,FALSE,"Cold (last 5)"
1628418,"Thomas Bryant","IND",2025-06-22,0,0,0,1,2.5,FALSE,TRUE,FALSE,TRUE,"Cold (last 5)"
1642353,"Cam Christie","LAC",2025-05-03,5,0,1,1,1.2,FALSE,TRUE,FALSE,TRUE,"Cold (last 5)"
1631247,"Luke Travers","CLE",2025-04-13,4,2,8,0.8,0.8,FALSE,FALSE,FALSE,TRUE,"Cold (last 10)"
1627732,"Ben Simmons","LAC",2025-04-29,0,0,1,0.8,0.6,FALSE,TRUE,FALSE,TRUE,"Cold (last 5)"
1631127,"Harrison Ingram","SAS",2025-04-11,2,1,2,0.8,NA,FALSE,FALSE,NA,NA,"— Steady"
1641817,"Anton Watson","NYK",2025-04-13,0,0,0,0.8,NA,FALSE,FALSE,NA,NA,"— Steady"
204060,"Joe Ingles","MIN",2025-03-21,0,1,0,0.6,1.5,FALSE,TRUE,TRUE,FALSE,"Cold (last 5)"
1630346,"Matt Ryan","NYK",2025-02-21,3,2,1,0.6,1.3,FALSE,TRUE,FALSE,FALSE,"Cold (last 5)"
1641857,"Liam Robbins","MIL",2025-01-17,0,0,0,0.6,0.4,FALSE,FALSE,FALSE,TRUE,"Cold (last 10)"
203109,"Jae Crowder","SAC",2025-04-04,3,1,2,0.6,NA,FALSE,TRUE,NA,NA,"Cold (last 5)"
1628408,"PJ Dozier","MIN",2024-12-23,0,0,0,0.6,NA,FALSE,TRUE,NA,NA,"Cold (last 5)"
1642279,"Ulrich Chomche","TOR",2025-02-11,0,0,2,0.6,NA,FALSE,FALSE,NA,NA,"— Steady"
1642385,"Cui Cui","BKN",2024-12-02,2,0,2,0.6,NA,FALSE,FALSE,NA,NA,"— Steady"
1642277,"Johnny Furphy","IND",2025-06-22,0,0,0,0.4,0.2,FALSE,TRUE,FALSE,TRUE,"Cold (last 5)"
1630296,"Braxton Key","GSW",2025-05-12,0,0,0,0.4,NA,FALSE,TRUE,NA,NA,"Cold (last 5)"
1642280,"Trentyn Flowers","LAC",2025-04-09,0,0,0,0.4,NA,FALSE,TRUE,NA,NA,"Cold (last 5)"
1642384,"Isaiah Crawford","SAC",2025-03-29,0,0,0,0.2,0.8,FALSE,TRUE,FALSE,FALSE,"Cold (last 5)"
1642502,"Malevy Leons","OKC",2024-11-15,0,0,1,0.2,NA,FALSE,TRUE,NA,NA,"Cold (last 5)"
203995,"Vasilije Micic","PHX",2025-04-04,0,1,0,0,5.9,FALSE,TRUE,FALSE,FALSE,"Cold (last 5)"
1631121,"Bryce McGowens","POR",2025-03-21,0,1,0,0,1.1,FALSE,TRUE,FALSE,FALSE,"Cold (last 5)"
1641775,"Jordan Walsh","BOS",2025-05-16,0,0,1,0,1,FALSE,TRUE,FALSE,TRUE,"Cold (last 5)"
1641803,"Tristen Newton","MIN",2025-02-13,0,0,0,0,NA,FALSE,TRUE,NA,NA,"Cold (last 5)"
